could Website,Article Title,Article content,Article Link,Date
https://www.thinkbroadband.com/news,House of Lords Home Working Report,www.thinkbroadband.com Verifying you are human. This may take a few seconds. www.thinkbroadband.com needs to review the security of your connection before proceeding. Verification successful Waiting for www.thinkbroadband.com to respond... Enable JavaScript and cookies to continue Ray ID: 9a019d95e95a9059 Performance & security by Cloudflare,https://www.thinkbroadband.com/news/house-of-lords-home-working-report,"Date Posted:Monday, 17 November 2025"
https://www.thinkbroadband.com/news,Our tracking of nexfibre full fibre footprint breaks 2 million barrier,www.thinkbroadband.com Verifying you are human. This may take a few seconds. www.thinkbroadband.com needs to review the security of your connection before proceeding. Verification successful Waiting for www.thinkbroadband.com to respond... Enable JavaScript and cookies to continue Ray ID: 9a019db2bbe19059 Performance & security by Cloudflare,https://www.thinkbroadband.com/news/our-tracking-of-nexfibre-full-fibre-footprint-breaks-2-million-barrier,"Date Posted:Monday, 17 November 2025"
https://www.thinkbroadband.com/news,Oopsie for Virgin Media website with 404 error on pages for 10 minutes,www.thinkbroadband.com Verifying you are human. This may take a few seconds. www.thinkbroadband.com needs to review the security of your connection before proceeding. Verification successful Waiting for www.thinkbroadband.com to respond... Enable JavaScript and cookies to continue Ray ID: 9a019dcb78229059 Performance & security by Cloudflare,https://www.thinkbroadband.com/news/oopsie-for-virgin-media-website-with-404-error-on-pages-for-10-minutes,"Date Posted:Friday, 14 November 2025"
https://www.thinkbroadband.com/news,Weekly Brief — 14 November 2025,www.thinkbroadband.com Verifying you are human. This may take a few seconds. www.thinkbroadband.com needs to review the security of your connection before proceeding. Verification successful Waiting for www.thinkbroadband.com to respond... Enable JavaScript and cookies to continue Ray ID: 9a019de048ca9059 Performance & security by Cloudflare,https://www.thinkbroadband.com/news/weekly-brief-14-november-2025,"Date Posted:Friday, 14 November 2025"
https://www.thinkbroadband.com/news,TOTSCo approaches 2 million OTS switches,www.thinkbroadband.com Verifying you are human. This may take a few seconds. www.thinkbroadband.com needs to review the security of your connection before proceeding. Verification successful Waiting for www.thinkbroadband.com to respond... Enable JavaScript and cookies to continue Ray ID: 9a019df66b419059 Performance & security by Cloudflare,https://www.thinkbroadband.com/news/totsco-approaches-2-million-ots-switches,"Date Posted:Friday, 14 November 2025"
https://www.thinkbroadband.com/news,ISPA Awards 2025 — Winners Announced,www.thinkbroadband.com Verifying you are human. This may take a few seconds. www.thinkbroadband.com needs to review the security of your connection before proceeding. Verification successful Waiting for www.thinkbroadband.com to respond... Enable JavaScript and cookies to continue Ray ID: 9a019e0c2c999059 Performance & security by Cloudflare,https://www.thinkbroadband.com/news/ispa-awards-2025-winners-announced,"Date Posted:Thursday, 13 November 2025"
https://www.thinkbroadband.com/news,BDUK updates quarterly delivery performance,www.thinkbroadband.com Verifying you are human. This may take a few seconds. www.thinkbroadband.com needs to review the security of your connection before proceeding. Verification successful Waiting for www.thinkbroadband.com to respond... Enable JavaScript and cookies to continue Ray ID: 9a019e264a289059 Performance & security by Cloudflare,https://www.thinkbroadband.com/news/bduk-updates-quarterly-delivery-performance,"Date Posted:Thursday, 13 November 2025"
https://www.thinkbroadband.com/news,Triodos Bank helps to fund B4RN expansion,www.thinkbroadband.com Verifying you are human. This may take a few seconds. www.thinkbroadband.com needs to review the security of your connection before proceeding. Verification successful Waiting for www.thinkbroadband.com to respond... Enable JavaScript and cookies to continue Ray ID: 9a019e3afa459059 Performance & security by Cloudflare,https://www.thinkbroadband.com/news/triodos-bank-helps-to-fund-b4rn-expansion,"Date Posted:Thursday, 13 November 2025"
https://www.thinkbroadband.com/news,Openreach has announced some areas where FTTP build is beginning,www.thinkbroadband.com Verifying you are human. This may take a few seconds. www.thinkbroadband.com needs to review the security of your connection before proceeding. Verification successful Waiting for www.thinkbroadband.com to respond... Enable JavaScript and cookies to continue Ray ID: 9a019e6318f11714 Performance & security by Cloudflare,https://www.thinkbroadband.com/news/openreach-has-announced-some-areas-where-fttp-build-is-beginning,"Date Posted:Thursday, 13 November 2025"
https://www.thinkbroadband.com/news,Netomnia has released Q3 2025 financial results stats,www.thinkbroadband.com Verifying you are human. This may take a few seconds. www.thinkbroadband.com needs to review the security of your connection before proceeding. Verification successful Waiting for www.thinkbroadband.com to respond... Enable JavaScript and cookies to continue Ray ID: 9a019e777e741714 Performance & security by Cloudflare,https://www.thinkbroadband.com/news/netomnia-has-released-q3-2025-financial-results-stats,"Date Posted:Thursday, 13 November 2025"
https://www.thinkbroadband.com/news,Deep Dive: Netomnia x Virgin Media -vs- CityFibre,www.thinkbroadband.com Verifying you are human. This may take a few seconds. www.thinkbroadband.com needs to review the security of your connection before proceeding. Verification successful Waiting for www.thinkbroadband.com to respond... Enable JavaScript and cookies to continue Ray ID: 9a019e8d5ca0cda3 Performance & security by Cloudflare,https://www.thinkbroadband.com/news/deep-dive-netomnia-x-virgin-media-vs-cityfibre,"Date Posted:Thursday, 13 November 2025"
https://www.thinkbroadband.com/news,Openreach to increase costs for WLR products ahead of PSTN switch-off,www.thinkbroadband.com Verifying you are human. This may take a few seconds. www.thinkbroadband.com needs to review the security of your connection before proceeding. Verification successful Waiting for www.thinkbroadband.com to respond... Enable JavaScript and cookies to continue Ray ID: 9a019ea36de2cda3 Performance & security by Cloudflare,https://www.thinkbroadband.com/news/openreach-to-increase-costs-for-wlr-products-ahead-of-pstn-switch-off,"Date Posted:Wednesday, 12 November 2025"
https://www.thinkbroadband.com/news,Quickline introduces new business packages,www.thinkbroadband.com Verifying you are human. This may take a few seconds. www.thinkbroadband.com needs to review the security of your connection before proceeding. Verification successful Waiting for www.thinkbroadband.com to respond... Enable JavaScript and cookies to continue Ray ID: 9a019ebaba0bcda3 Performance & security by Cloudflare,https://www.thinkbroadband.com/news/quickline-introduces-new-business-packages,"Date Posted:Wednesday, 12 November 2025"
https://www.thinkbroadband.com/news,EXCLUSIVE November 2025 update on Openreach full-fibre roll-out,www.thinkbroadband.com Verifying you are human. This may take a few seconds. www.thinkbroadband.com needs to review the security of your connection before proceeding. Verification successful Waiting for www.thinkbroadband.com to respond... Enable JavaScript and cookies to continue Ray ID: 9a019ecfad908fe7 Performance & security by Cloudflare,https://www.thinkbroadband.com/news/exclusive-november-2025-update-on-openreach-full-fibre-roll-out,"Date Posted:Wednesday, 12 November 2025"
https://www.thinkbroadband.com/news,INCA: Openreach’s problem isn’t regulation – it’s competition,www.thinkbroadband.com Verifying you are human. This may take a few seconds. www.thinkbroadband.com needs to review the security of your connection before proceeding. Verification successful Waiting for www.thinkbroadband.com to respond... Enable JavaScript and cookies to continue Ray ID: 9a019ee40ee68fe7 Performance & security by Cloudflare,https://www.thinkbroadband.com/news/inca-openreachs-problem-isnt-regulation-its-competition,"Date Posted:Monday, 10 November 2025"
https://www.thinkbroadband.com/news,Gigaclear calls industry co-operation between Openreach and altnets,www.thinkbroadband.com Verifying you are human. This may take a few seconds. www.thinkbroadband.com needs to review the security of your connection before proceeding. Verification successful Waiting for www.thinkbroadband.com to respond... Enable JavaScript and cookies to continue Ray ID: 9a019ef8da8a8fe7 Performance & security by Cloudflare,https://www.thinkbroadband.com/news/gigaclear-calls-on-industry-cooperation-between-openreach-and-altnets,"Date Posted:Monday, 10 November 2025"
https://www.thinkbroadband.com/news,UK full fibre availability rises to cover 81% of UK premises,www.thinkbroadband.com Verifying you are human. This may take a few seconds. www.thinkbroadband.com needs to review the security of your connection before proceeding. Verification successful Waiting for www.thinkbroadband.com to respond... Enable JavaScript and cookies to continue Ray ID: 9a019f117a598fc7 Performance & security by Cloudflare,https://www.thinkbroadband.com/news/uk-full-fibre-availability-rises-to-cover-81-of-uk-premises,"Date Posted:Sunday, 9 November 2025"
https://www.thinkbroadband.com/news,Shropshire council frustrated with Project Gigabit progress,www.thinkbroadband.com Verifying you are human. This may take a few seconds. www.thinkbroadband.com needs to review the security of your connection before proceeding. Verification successful Waiting for www.thinkbroadband.com to respond... Enable JavaScript and cookies to continue Ray ID: 9a019f27694e8fc7 Performance & security by Cloudflare,https://www.thinkbroadband.com/news/shropshire-council-frustrated-with-project-gigabit-progress,"Date Posted:Saturday, 8 November 2025"
https://www.thinkbroadband.com/news,Weekly Brief — 7th November 2025,www.thinkbroadband.com Verifying you are human. This may take a few seconds. www.thinkbroadband.com needs to review the security of your connection before proceeding. Verification successful Waiting for www.thinkbroadband.com to respond... Enable JavaScript and cookies to continue Ray ID: 9a019f3c69498fc7 Performance & security by Cloudflare,https://www.thinkbroadband.com/news/weekly-brief-7th-november-2025,"Date Posted:Friday, 7 November 2025"
https://www.thinkbroadband.com/news,Vodafone and AST SpaceMobile announce new European Space to Mobile constellation,www.thinkbroadband.com Verifying you are human. This may take a few seconds. www.thinkbroadband.com needs to review the security of your connection before proceeding. Verification successful Waiting for www.thinkbroadband.com to respond... Enable JavaScript and cookies to continue Ray ID: 9a019f526c254cfe Performance & security by Cloudflare,https://www.thinkbroadband.com/news/vodafone-and-ast-spacemobile-announce-new-european-space-to-mobile-constellation,"Date Posted:Friday, 7 November 2025"
https://www.thinkbroadband.com/news,"EXCLUSIVE: October 2025 update on broadband availability across the UK, nations and regions",www.thinkbroadband.com Verifying you are human. This may take a few seconds. www.thinkbroadband.com needs to review the security of your connection before proceeding. Verification successful Waiting for www.thinkbroadband.com to respond... Enable JavaScript and cookies to continue Ray ID: 9a019f688d224cfe Performance & security by Cloudflare,https://www.thinkbroadband.com/news/exclusive-october-2025-update-on-broadband-availability-across-the-uk-nations-and-regions,"Date Posted:Friday, 7 November 2025"
https://www.thinkbroadband.com/news,Brechin in Scotland most northerly nexfibre full fibre location now,www.thinkbroadband.com Verifying you are human. This may take a few seconds. www.thinkbroadband.com needs to review the security of your connection before proceeding. Verification successful Waiting for www.thinkbroadband.com to respond... Enable JavaScript and cookies to continue Ray ID: 9a019f7cb91a4cfe Performance & security by Cloudflare,https://www.thinkbroadband.com/news/brechin-in-scotland-most-northerly-nexfibre-full-fibre-location-now,"Date Posted:Friday, 7 November 2025"
https://www.thinkbroadband.com/news,Ofcom investigation into suicide forum — Online Safety Act,www.thinkbroadband.com Verifying you are human. This may take a few seconds. www.thinkbroadband.com needs to review the security of your connection before proceeding. Verification successful Waiting for www.thinkbroadband.com to respond... Enable JavaScript and cookies to continue Ray ID: 9a019f92dff94cf3 Performance & security by Cloudflare,https://www.thinkbroadband.com/news/ofcom-investigation-into-suicide-forum,"Date Posted:Thursday, 6 November 2025"
https://www.thinkbroadband.com/news,Black Friday Deals Round-up,www.thinkbroadband.com Verifying you are human. This may take a few seconds. www.thinkbroadband.com needs to review the security of your connection before proceeding. Verification successful Waiting for www.thinkbroadband.com to respond... Enable JavaScript and cookies to continue Ray ID: 9a019faa1c7d4cf3 Performance & security by Cloudflare,https://www.thinkbroadband.com/news/black-friday-deals-round-up,"Date Posted:Thursday, 6 November 2025"
https://www.thinkbroadband.com/news,"nexfibre full fibre available to 6,000 homes in Widnes – UPDATED",www.thinkbroadband.com Verifying you are human. This may take a few seconds. www.thinkbroadband.com needs to review the security of your connection before proceeding. Verification successful Waiting for www.thinkbroadband.com to respond... Enable JavaScript and cookies to continue Ray ID: 9a019fcf8ae31275 Performance & security by Cloudflare,https://www.thinkbroadband.com/news/nexfibre-full-fibre-available-to-6000-homes-in-widnes,"Date Posted:Thursday, 6 November 2025"
https://www.thinkbroadband.com/news,Ofcom and counterparts in five-eyes to co-operate on telecoms security,www.thinkbroadband.com Verifying you are human. This may take a few seconds. www.thinkbroadband.com needs to review the security of your connection before proceeding. Verification successful Waiting for www.thinkbroadband.com to respond... Enable JavaScript and cookies to continue Ray ID: 9a019fe539371275 Performance & security by Cloudflare,https://www.thinkbroadband.com/news/ofcom-and-counterparts-in-five-eyes-to-co-operate-on-telecoms-security,"Date Posted:Thursday, 6 November 2025"
https://www.thinkbroadband.com/news,BT Group releases financial results for half year to 30th September 2025,www.thinkbroadband.com Verifying you are human. This may take a few seconds. www.thinkbroadband.com needs to review the security of your connection before proceeding. Verification successful Waiting for www.thinkbroadband.com to respond... Enable JavaScript and cookies to continue Ray ID: 9a019ffa3e411275 Performance & security by Cloudflare,https://www.thinkbroadband.com/news/bt-group-releases-financial-results-for-half-year-to-30th-september-2025,"Date Posted:Thursday, 6 November 2025"
https://www.thinkbroadband.com/news,BT teams up with Starlink to offer satellite connectivity to rural homes,www.thinkbroadband.com Verifying you are human. This may take a few seconds. www.thinkbroadband.com needs to review the security of your connection before proceeding. Verification successful Waiting for www.thinkbroadband.com to respond... Enable JavaScript and cookies to continue Ray ID: 9a01a0128b738fa3 Performance & security by Cloudflare,https://www.thinkbroadband.com/news/bt-teams-up-with-starlink-to-offer-satellite-connectivity-to-rural-homes,"Date Posted:Thursday, 6 November 2025"
https://www.thinkbroadband.com/news,GoFibre Project Gigabit Programe — Minor De-scoping,www.thinkbroadband.com Verifying you are human. This may take a few seconds. www.thinkbroadband.com needs to review the security of your connection before proceeding. Verification successful Waiting for www.thinkbroadband.com to respond... Enable JavaScript and cookies to continue Ray ID: 9a01a0288d238fa3 Performance & security by Cloudflare,https://www.thinkbroadband.com/news/gofibre-project-gigabit-programe-minor-de-scoping,"Date Posted:Thursday, 6 November 2025"
https://www.thinkbroadband.com/news,New landmark Telecommunications Charter aims to stop scourge of scam calls,www.thinkbroadband.com Verifying you are human. This may take a few seconds. www.thinkbroadband.com needs to review the security of your connection before proceeding. Verification successful Waiting for www.thinkbroadband.com to respond... Enable JavaScript and cookies to continue Ray ID: 9a01a03d2e338fa3 Performance & security by Cloudflare,https://www.thinkbroadband.com/news/new-landmark-telecommunications-charter-aims-to-stop-scourge-of-scam-calls,"Date Posted:Wednesday, 5 November 2025"
