company,title,date,primary_use_case,sentiment,confidence,summary,data_source
BT,BT to boost use of AI to reverse declines at business unit,2025-11-01,internal_operations,positive,0.85,BT is expanding AI adoption to automate manual data processing within a struggling business unit. This strategic initiative aims to reverse performance declines by enhancing operational efficiency. The move represents a focused application of AI for internal business transformation and turnaround.,big_firm_analysis
BT,BT and Pindrop Team Up to Combat Voice Fraud with AI | VoIP Review,2025-11-01,cybersecurity,positive,0.95,BT has partnered with Pindrop to deploy AI-powered voice fraud detection technology. This cybersecurity initiative aims to protect BT's telecommunications infrastructure from voice-based threats. The partnership represents a strategic investment in AI-driven security measures to combat evolving fraud techniques.,big_firm_analysis
BT,https://www.fierce-network.com/modernization/bt-vodafone-execs-talk-about-training-their-employees-ai,2025-06-01,internal_operations,neutral,0.9,BT executives are discussing AI training programs for employees to build internal capabilities. This initiative focuses on upskilling the workforce to leverage AI technologies for operational improvements. It represents a strategic investment in human capital to support digital transformation.,big_firm_analysis
BT,BT Group leans on AI to transform customer service experience,2024-12-01,customer_support,positive,0.95,BT Group is leveraging AI technology from Sprinklr to transform its customer service experience. This initiative represents a strategic investment in AI-driven customer support capabilities aimed at improving service quality and operational efficiency for the UK telecommunications provider.,big_firm_analysis
BT,BT’s network platform strategy is rooted in AI,2024-10-01,network_optimization,positive,0.85,"BT is embedding AI at the core of its network platform strategy, representing a fundamental shift in network operations. This initiative demonstrates BT's commitment to leveraging artificial intelligence for comprehensive network transformation and optimization.",big_firm_analysis
BT,How BT worked to avoid GenAI lock-in,2024-09-01,internal_operations,neutral,0.7,"BT has implemented a platform-based approach to generative AI that enables them to switch between different underlying models, avoiding vendor lock-in. This strategy provides flexibility to choose the best models for specific tasks and maintains negotiating power with AI providers. The initiative represents a foundational investment in AI infrastructure that will support multiple future use cases across the organization.",big_firm_analysis
BT,Case study: BT rolls out Amazon’s generative AI developer tool to more coders | Computer Weekly,2024-06-01,internal_operations,positive,0.95,BT is expanding its deployment of Amazon's generative AI developer tool to a wider group of coders within the organization. This initiative focuses on improving internal developer productivity and streamlining software development workflows. The rollout represents a strategic investment in AI-powered tooling to boost operational efficiency in BT's technology operations.,big_firm_analysis
BT,BT Group employs ServiceNow AI to enhance staff operations - Techerati,2024-06-01,internal_operations,positive,0.95,BT Group is deploying ServiceNow's AI platform to enhance staff operations and improve internal productivity. This initiative focuses on automating internal workflows and processes to drive operational efficiency. The move represents a significant investment in employee-facing AI technology to streamline BT's internal operations.,big_firm_analysis
BT,BT ramps up AI use to counter hacking threats to business customers | BT | The Guardian,2024-05-01,cybersecurity,positive,0.95,BT is scaling up its AI-powered cybersecurity capabilities to protect business customers from hacking threats. This initiative represents a strategic investment in AI-driven threat detection and response. The move strengthens BT's value proposition for enterprise clients by enhancing their security posture.,big_firm_analysis
BT,Comms Business - BT implements AI-enhanced training platform,2024-05-01,internal_operations,positive,0.95,"BT is implementing an AI-enhanced training platform to improve internal productivity and workforce development. This initiative reflects BT's strategic focus on upskilling employees through advanced AI technologies, enabling more efficient and personalized learning experiences.",big_firm_analysis
BT,Globality and BT Announce New Partnership to Unleash the Power of Procurement,2024-02-01,internal_operations,positive,0.95,"BT has partnered with Globality to implement AI-powered procurement solutions, aiming to transform their sourcing and supplier management processes. This initiative represents a strategic move to leverage AI for operational excellence and significant cost reduction in BT's procurement function.",big_firm_analysis
BT,Why AI and Agile are at the heart of corporate digital transformation at BT Group - a progress report,2024-01-01,customer_support,positive,0.95,BT Group has made AI-powered customer service a cornerstone of its corporate digital transformation strategy. This initiative deploys intelligent support tools to enhance customer experience and operational efficiency. The progress report demonstrates BT's commitment to leveraging AI and Agile methodologies at scale.,big_firm_analysis
BT,BT Group’s Digital unit accelerates AI use cases and navigates GenAI,2023-07-01,internal_operations,positive,0.4,BT Group's Digital unit has established an AI Accelerator capability that dramatically speeds up AI project launches to within 14 days. The initiative focuses on accelerating various AI use cases including generative AI applications. This represents a strategic investment in operational agility and enterprise-wide AI enablement.,big_firm_analysis
BT,"BT Sourced powers procurement transformation with AI, automation and analytics",2023-04-01,internal_operations,positive,0.95,"BT Sourced, a BT subsidiary, is leading a procurement transformation initiative powered by AI, automation, and analytics. This strategic move aims to modernize purchasing and supply chain operations across the telecommunications company. The initiative represents a significant investment in operational efficiency and cost optimization.",big_firm_analysis
BT,BT partners with Nokia to deliver superior customer experience and improve operational efficiency | Nokia.com,,network_optimization,positive,0.8,BT has partnered with Nokia to implement AI-powered network optimization solutions that aim to deliver superior customer experience and improve operational efficiency. This strategic initiative focuses on transforming core network operations through artificial intelligence. The partnership represents a significant investment in AI for critical telecom infrastructure.,big_firm_analysis
BT,ISP BT to Launch New AI Anti-Virus Service for Small UK Businesses,,security,positive,1.0,"BT has partnered with CrowdStrike to launch BADR, an AI-powered antivirus service for small UK businesses. The service uses artificial intelligence to proactively detect and stop cyber threats before they become breaches, representing BT's expansion into AI-driven cybersecurity solutions for the small business segment.",general_analysis
BT,BT Deploy AI-ready Global Fabric Network-as-a-service Platform to 30 Equinix Data Centres,,network_planning,neutral,0.7,"BT has deployed its AI-ready Global Fabric Network-as-a-Service platform to over 30 Equinix data centres worldwide, with plans to expand to over 40 within a year. The platform spans the world's top 30 business locations and covers 95% of global cloud interconnection traffic, positioning BT to support AI workloads and cloud connectivity.",general_analysis
BT,BT Claim to be Enhancing UK Customer Support via AI Tech and Chatbots,,customer_support,positive,0.95,"BT Group is implementing AI technology to improve customer support across its brands. The article highlights EE's virtual assistant Aimee, which handles 60,000 customer conversations weekly. The company claims these AI systems significantly enhance customer experience and streamline support processes.",general_analysis
Gigaclear,Rural UK ISP Gigaclear Adopts AI to Improve Customer Broadband Installs,,customer_support,positive,0.8,"Gigaclear, a rural UK broadband provider serving 150,000 customers, has adopted Vyntelligence's AI video technology to improve customer installation journeys. The solution aims to reduce unnecessary work and streamline the installation process. Gigaclear is the first UK retail fibre provider to implement this AI technology.",general_analysis
O2,O2 UK’s AI Flags 50 Million Suspected SPAM and Scam Calls a Month,,security,positive,0.95,"O2 UK has implemented Hiya's AI-powered 'Call Defence' service to detect and flag scam and spam calls. Since its launch in November 2024, the technology has flagged over 150 million suspected fraudulent calls, with the monthly rate recently rising to 50 million.",general_analysis
O2,O2 UK Reveals First Insights from AI Granny Created to Waste Scammers Time,,security,positive,0.98,"O2 UK has launched an AI-powered 'Granny' named Daisy that engages with scam callers in real-time to waste their time and protect customers from fraud. The human-like bot has already interacted with over 1,000 scammers and continues to learn from these conversations.",general_analysis
O2,O2 UK Deploying Free AI-Powered Scam Call Detector Service,,security,positive,1.0,O2 UK has integrated an AI-powered scam detection service from Hiya to combat fraud and nuisance calls. The mobile operator claims to be the first and only UK provider to offer this security service at no extra cost to customers.,general_analysis
TalkTalk,Broadband ISP TalkTalk UK Adopt NiCE’s AI-Powered Customer Service Platform,,customer_support,mixed,0.95,"TalkTalk UK has adopted NiCE's AI-powered customer service automation platform, CXone Mpower. The debt-troubled ISP claims this represents a step forward in its mission to become the UK's most recommended Wi-Fi provider, though the article notes this will be challenging in the current climate.",general_analysis
Unknown,City of London Corp Picks Roc Technologies to Deliver New Network,,network_optimization,neutral,0.7,"The City of London Corporation has selected Roc Technologies to deliver a new end-to-end networking connectivity solution. The deployment includes an AI-driven wireless capability, alongside a UK-first enterprise SASE rollout for public services and high-availability internet connectivity, leveraging Vorboss' 100Gbps full fibre network.",general_analysis
Unknown,ISP Octaplus Test New AI Support System with UK Broadband Customers,,customer_support,neutral,1.0,UK broadband provider Octaplus has launched an early-stage rollout of its AI-powered customer support system called 'Ask Octa AI'. The system is being tested with a selected group of existing customers who purchase broadband packages via full fibre networks.,general_analysis
Unknown,Ofcom Monitoring UK VPN Use Due to Circumvention of Online Safety Act,,security,neutral,0.8,The article reports that UK regulator Ofcom is using a third-party monitoring tool with AI capabilities to track public VPN usage. This surveillance is motivated by government concerns that VPNs are being used to circumvent censorship measures under the Online Safety Act.,general_analysis
Unknown,University of Portsmouth Team Get £772k to Develop Subsea Cable Surveillance,,predictive_maintenance,positive,0.75,"A University of Portsmouth scientist has secured £772,372 from Lloyd's Register Foundation to develop a surveillance algorithm for monitoring undersea infrastructure. The project aims to identify, repair, and reduce damage to fibre optic internet cables and energy pipes through automated detection and a maritime training programme.",general_analysis
Unknown,"Gov Encourages Pension Firms to Invest in UK Science, Tech and Digital",,other,neutral,0.6,"The UK Government has launched an Innovation Cluster Map to encourage pension firms to increase private investment in science and technology sectors. AI is briefly mentioned as one of several potential investment areas alongside vaccines, medicines, and satellite broadband technologies.",general_analysis
Unknown,Mobile Infrastructure Firm Cornerstone Adopts AI to Boost UK Rollout,,network_planning,positive,0.95,"Cornerstone (CTIL), the mobile infrastructure company formed by O2 and Vodafone's network sharing agreement, has adopted Vyntelligence's Agentic Video Intelligence AI technology to accelerate the deployment of new mobile masts across the UK and reduce costs.",general_analysis
Unknown,Ulster University Uses AI to Develop Faster MIMO Tech for 6G Mobile,,network_optimization,positive,0.95,"Researchers at Ulster University are using AI to develop a new Massive MIMO technology for 6G networks. The AI-powered innovation aims to make future mobile broadband networks faster, smarter, and more energy-efficient.",general_analysis
Unknown,Survey Claims Broadband ISPs Expect AI and Streaming to “Crush” Today’s Networks,,other,negative,0.9,"A survey of 200 senior telecom decision-makers across the US, UK, and Australia reveals that 80% expect AI and streaming bandwidth demands to overwhelm and 'crush' current networks within five years. Conducted by network technology firm RtBrick, the study highlights widespread concern among broadband and mobile operators about infrastructure capacity to handle impending AI-driven traffic growth.",general_analysis
Unknown,Spectrum Policy Forum Says AI Can Help Ofcom Manage UK Radio Waves,,network_optimization,positive,0.85,A study by the UK Spectrum Policy Forum recommends that Ofcom adopt Artificial Intelligence technologies to more efficiently manage the UK's finite wireless radio spectrum. The recommendation aims to optimize spectrum allocation through AI-driven management.,general_analysis
Unknown,New Report Makes the Case for Global and UK Telco Sector to Adopt AI,,other,mixed,0.6,"A report from EY and Liberty Global advocates for strategic AI adoption in the telecommunications sector to achieve major sustainability gains over the next decade. The article notes concerns about AI's power consumption, suggesting a potential drawback to the technology's implementation.",general_analysis
Unknown,Poor Broadband May Hamper Dorset Council’s Cost Cutting Drive Toward Digital,,other,mixed,0.6,"Dorset Council's £416m budget proposal for 2025/26 includes £44m in cost-saving measures involving digital technologies and AI adoption. However, councillors warn that poor broadband infrastructure and digital skills gaps could hinder these digital transformation efforts, highlighting implementation challenges.",general_analysis
Unknown,Fibrenews Podcast – EP. 15 – Mark Pillow & Paul Gibbs – VoIP unlimited,,other,neutral,0.9,"The Fibrenews podcast episode features VoIP Unlimited executives discussing the company's growth, disruptive voice products, and the role of AI in the channel. Key topics include FTTP benefits, reseller needs from wholesale providers, and the company's in-house development strategy. The discussion also covers the company's evolution and future plans for 2025 and beyond.",general_analysis
Unknown,"Ogi Completes Multimillion-Pound Cardiff Fibre Upgrade, Connecting Businesses to a Digital Future",,other,positive,0.7,"Ogi has completed a multimillion-pound fiber upgrade programme in Cardiff, delivering 10 Gigabit-capable connectivity to the city centre and surrounding areas. The infrastructure is designed to enable AI usage among businesses, driving productivity and innovation while strengthening Cardiff's position as a leading UK tech hub.",general_analysis
Unknown,Infranomics Analyse Latest BDUK OMR Results Showing 3.2 million premises without any commercial plans to build,,network_planning,positive,0.85,"Infranomics leverages AI-powered analytics tools to identify critical flaws in UK broadband infrastructure data, revealing that 3.24 million 'white premises' are misclassified. Their analysis exposes non-habitable properties, already-connected buildings, and locations near existing networks, potentially preventing £125 million in misallocated public funds while enabling smarter network deployment decisions.",general_analysis
VMO2,Inside Virgin Media O2’s AI Strategy for the Network of the Future,2025-10-01,network_optimization,positive,0.8,"VMO2 is developing an AI strategy to power the network of the future, focusing on intelligent operations and automation. This initiative represents a significant investment in AI-driven network optimization and management capabilities. The strategy aims to transform how VMO2 operates and maintains its telecommunications infrastructure.",big_firm_analysis
VMO2,Virgin Media O2 deploys AI-powered network intelligence to strengthen broadband service delivery,2025-09-01,network_optimization,positive,0.9,VMO2 is deploying AI-powered network intelligence to strengthen broadband service delivery across its network. This initiative leverages machine learning to optimize network performance and reliability. The move signals a major strategic push toward AI-driven infrastructure management in the competitive UK telecommunications market.,big_firm_analysis
VMO2,Virgin Media O2 launches new AI tools to supercharge customer services and better help most vulnerable customers - Virgin Media O2,2025-07-01,customer_support,positive,0.95,"Virgin Media O2 has launched new AI tools to enhance customer service operations, with specific focus on improving support for vulnerable customers. This deployment represents a significant investment in AI-powered customer service capabilities aimed at transforming the customer experience.",big_firm_analysis
VMO2,Accelerating VMO2’s Network Operations with AI and Automation,2025-07-01,network_optimization,positive,0.9,"VMO2 is leveraging AI and automation to accelerate their network operations, representing a strategic push toward intelligent network management. This initiative focuses on optimizing network performance and operational efficiency through advanced analytics and automated processes. The move signals VMO2's commitment to modernizing their core infrastructure with emerging technologies.",big_firm_analysis
VMO2,Transforming Risk Management at Virgin Media O2 with Generative AI,2025-03-01,analytics,positive,0.8,VMO2 is implementing Generative AI to transform its risk management and reporting processes. This strategic initiative aims to enhance internal data analysis capabilities and automate the generation of risk insights for better governance in the UK telecom market.,big_firm_analysis
VMO2,Virgin Media O2 rolls out AI training as part of enhanced learning and development programme to equip employees with critical skills - Virgin Media O2,2025-02-01,internal_operations,positive,0.9,Virgin Media O2 is implementing an AI training program for employees as part of its enhanced learning and development initiative. This move aims to equip its workforce with critical AI skills necessary for modern telecommunications operations. The program represents a strategic investment in human capital to support digital transformation.,big_firm_analysis
VMO2,Virgin Media O2 partners with Perplexity for AI search access - CO/AI,2024-11-01,other,neutral,0.9,VMO2 has partnered with Perplexity to offer AI search access as an add-on service to customers. This represents a commercial AI product offering rather than internal operational use. The partnership allows VMO2 to leverage Perplexity's AI search technology to enhance their service portfolio.,big_firm_analysis
VMO2,O2 deploys AI granny against scammers • The Register,2024-11-01,security,positive,0.95,"VMO2's O2 brand has deployed an AI system, nicknamed 'AI granny', to combat phone scammers by engaging with them to waste their time. This innovative approach protects customers, particularly vulnerable populations, from fraud. The initiative represents a significant application of conversational AI for security purposes in the UK telecom sector.",big_firm_analysis
VMO2,Virgin Media O2 works with EkkoSense to unlock data centre cooling energy savings worth over £1 million per year - Virgin Media O2,2024-09-01,internal_operations,positive,0.95,VMO2 has partnered with EkkoSense to implement AI-driven optimization of their data centre cooling systems. This initiative is projected to generate over £1 million in annual energy savings. The project demonstrates VMO2's focus on using AI for operational efficiency and sustainability in their critical infrastructure.,big_firm_analysis
VMO2,VMO2 fights spam with Hiya roll-out AI spam fighting tools - Capacity,2024-02-01,security,positive,0.9,VMO2 is deploying AI-powered spam fighting tools from Hiya to protect customers from unwanted and potentially fraudulent communications. This initiative represents an active rollout of security-focused AI technology to improve customer experience and network integrity.,big_firm_analysis
VMO2,The MLOps Cookbook: how we optimised our Vertex AI Pipelines Environments at VMO2 for scale | by Digital at Virgin Media O2 | Medium,2023-03-01,internal_operations,positive,0.95,VMO2 has implemented MLOps practices using Vertex AI Pipelines to optimize and scale their machine learning environments. This initiative focuses on improving the efficiency and reliability of their AI model deployment processes. It represents a significant step in operationalizing AI at scale within the organization.,big_firm_analysis
VMO2,O2 Business launches new AI technology to improve customer experiences in stores - Virgin Media O2,2021-07-01,customer_support,positive,0.9,VMO2 is launching AI-powered technology in retail stores to transform customer experiences. This strategic initiative focuses on leveraging artificial intelligence to personalize interactions and optimize service delivery in physical retail environments.,big_firm_analysis
Virgin Media,Virgin Media O2 and Daisy Group Launch New Merged B2B Company O2 Daisy,,security,neutral,0.95,"The article announces the launch of O2 Daisy, a new B2B telecoms company created from the merger of VMO2 Business and Daisy Group. It clarifies that the new company should not be confused with O2's existing anti-scam AI chatbot that shares the same name.",general_analysis
Virgin Media,Virgin Media O2 UK to Boost Customer Service with New Lumi AI Tool,,customer_support,positive,1.0,"Virgin Media O2 has launched Lumi AI, a new artificial intelligence tool designed to enhance customer service. The tool aims to support customer service agents in providing faster, more effective, and more personalized assistance to customers. This initiative is part of VMO2's broader customer service turnaround strategy.",general_analysis
Virgin Media,Virgin Media O2 Adopt Trustly’s Pay by Bank Solutions for UK Customers,,other,positive,0.6,"Virgin Media O2 has partnered with Trustly to implement next-generation Direct Debit account automation and Pay by Bank solutions. The initiative aims to streamline payment processing and customer onboarding, aligning with VMO2's commitment to making customers' lives easier.",general_analysis
Virgin Media,Virgin Media O2 Invest £700m into UK 4G and 5G Mobile Upgrades for 2025,,network_optimization,positive,0.7,"Virgin Media O2 announced a £700m investment for 2025 to enhance network coverage and performance through their Mobile Transformation Plan. The upgrades include new masts, small cells, 4G/5G improvements, and increased AI-driven automation.",general_analysis
Virgin Media,Virgin Media O2 UK Offer Free Access to AI Search Engine Perplexity Pro,,analytics,positive,0.8,"Virgin Media and O2 are offering their customers free one-year access to Perplexity Pro, an AI-powered search engine, through their Priority rewards app. This benefit, normally valued at £150 per year, is available at no extra cost to subscribers of their broadband, mobile, phone and TV packages.",general_analysis
Virgin Media,Virgin Media O2 UK Creates AI Granny to Waste Scammers Time UPDATE,,security,positive,1.0,"Virgin Media O2 UK has created an AI system named Daisy, designed to act as a 'human-like' granny that answers calls from fraudsters. The AI keeps scammers on the phone for extended periods, wasting their time and money while protecting actual customers. This innovative security application uses artificial intelligence to proactively combat telephone fraud.",general_analysis
Vodafone,Vodafone and Zinkworks partner to create AI platform to simplify and accelerate launch of new mobile network apps for customers,2025-10-01,internal_operations,positive,0.9,Vodafone partners with Zinkworks to build an AI platform that accelerates the launch of mobile network apps. This initiative streamlines internal development processes to deliver new customer services more rapidly. The platform represents a strategic move to enhance digital agility and operational efficiency.,big_firm_analysis
Vodafone,https://www.fierce-network.com/modernization/bt-vodafone-execs-talk-about-training-their-employees-ai,2025-06-01,internal_operations,neutral,0.9,Vodafone is implementing comprehensive AI training programs for employees as part of their digital modernization strategy. This initiative reflects a strategic investment in human capital to support AI-driven transformation and operational excellence.,big_firm_analysis
Vodafone,Vodafone forecasts ‘big bang’ as agentic AI starts to transform network ops | Technology | TelcoTitans.com,2025-04-01,internal_operations,positive,0.9,"Vodafone is implementing agentic AI to transform its network operations, representing a major strategic shift toward autonomous network management. The initiative is described as a 'big bang' moment, signaling significant investment in AI-driven operational transformation.",big_firm_analysis
Vodafone,Vodafone eyes service growth from internal AI and IT innovation,2025-04-01,internal_operations,positive,0.85,"Vodafone is implementing an AI booster program that enables engineers to deploy new models, driving internal innovation. This initiative focuses on leveraging internal AI capabilities to fuel service growth and represents a strategic investment in operational transformation.",big_firm_analysis
Vodafone,How Vodafone is using gen AI to enhance network lifecycle | Google Cloud Blog,2024-11-01,internal_operations,positive,0.75,"Vodafone is leveraging generative AI to enhance its network lifecycle management, representing a strategic partnership with Google Cloud. This initiative aims to transform how Vodafone plans, deploys, and maintains its network infrastructure through AI-driven automation and optimization.",big_firm_analysis
Vodafone,How Vodafone is using AI to shape the next generation of customer service,2024-10-01,customer_support,positive,0.95,Vodafone is implementing AI-powered solutions to transform its customer service experience. This initiative represents a strategic push toward next-generation customer engagement through advanced automation and intelligent assistance. The project highlights Vodafone's focus on leveraging AI to improve customer satisfaction and operational efficiency.,big_firm_analysis
Vodafone,Vodafone will use AI to help customers who phone its call centre: How will it work? | This is Money,2024-10-01,customer_support,positive,0.95,"Vodafone is implementing AI-powered assistance for customers calling its contact centers, marking a significant advancement in phone-based customer support. This initiative leverages voice AI and natural language processing to improve service quality and operational efficiency. The deployment represents Vodafone's strategic push toward AI-driven customer experience transformation.",big_firm_analysis
Vodafone,How Vodafone plans to create AI-powered tech-comms powerhouse with Microsoft - Microsoft UK Stories,2024-09-01,internal_operations,positive,0.9,"Vodafone is partnering with Microsoft to deploy AI-driven internal productivity solutions following a successful KPMG trial. This strategic initiative aims to transform Vodafone into an AI-powered technology communications powerhouse, with validated productivity gains driving the business case.",big_firm_analysis
Vodafone,How Vodafone is leveraging AI for competitive advantage,2024-04-01,other,positive,0.6,"Vodafone is pursuing a comprehensive AI strategy spanning various use cases to achieve competitive advantage. The initiative addresses multiple business dimensions with noted benefits and implementation challenges. This reflects a strategic, large-scale commitment to AI transformation across the organization.",big_firm_analysis
Vodafone,Vodafone uses AI to detect and fix network issues | TechRadar,2021-07-01,predictive_maintenance,neutral,0.85,"Vodafone is implementing AI to automatically detect and fix network issues, improving operational efficiency. This predictive maintenance initiative enhances network reliability and reduces manual intervention. The technology represents a strategic investment in core network infrastructure.",big_firm_analysis
Vodafone,Vodafone uses robots to screen jobhunters,2017-06-01,internal_operations,neutral,0.9,"Vodafone has implemented automated systems to screen job candidates, applying AI technology to internal recruitment processes. This initiative focuses on using 'robots' to streamline hiring workflows and improve operational efficiency in HR. The adoption represents a shift toward automation of internal business functions in the telecommunications industry.",big_firm_analysis
Vodafone,Vodafone calls upon Gen AI to expand use of IT tools - Capgemini,,internal_operations,positive,0.75,Vodafone is collaborating with Capgemini to deploy Generative AI for expanding internal IT tool usage and automation capabilities. This initiative aims to boost internal productivity and streamline IT operations. It demonstrates Vodafone's strategic focus on leveraging AI for operational improvements.,big_firm_analysis
Vodafone,aimagazine.com | 500: Internal server error,,other,neutral,0.0,"The article about Vodafone's AI adoption on aimagazine.com is inaccessible due to a server error. No information can be extracted about their AI initiatives, use cases, or strategic direction.",big_firm_analysis
Vodafone,sustainabilitymag.com | 500: Internal server error,,other,neutral,0.0,"The article about Vodafone's AI initiative was inaccessible, returning a 500 Internal Server Error. No information could be extracted for analysis.",big_firm_analysis
Vodafone,Vodafone UK and Ericsson Trial AI Tech to Improve 5G Energy Efficiency,,network_optimization,positive,0.9,Vodafone UK and Ericsson have successfully trialed three new AI and machine learning-powered software solutions that reduce 5G radio unit power consumption by 33%. The trial demonstrates how AI/ML technology can improve energy efficiency in telecommunications networks.,general_analysis
